,City,Lat,Lng,Max Temp,Humidity,Cloudiness,Wind Speed,Country,Date
0,Melilla,35.29,-2.94,35.0,43,0,6.7,ES,1598622376
1,Tivaouane,14.95,-16.81,29.0,74,75,4.1,SN,1598622377
2,Cascais,38.7,-9.42,25.0,47,20,10.3,PT,1598622108
3,Arlit,18.74,7.39,36.32,28,100,8.68,NE,1598622378
4,Angoche,-16.23,39.91,25.82,69,63,5.07,MZ,1598622379
5,Barrow,71.29,-156.79,3.0,74,90,5.1,US,1598622379
6,Fuerte,17.54,120.36,27.98,79,100,3.46,PH,1598622380
7,Vaini,-21.2,-175.2,23.0,83,40,3.6,TO,1598622381
8,Altamira,-3.2,-52.21,28.0,74,75,1.5,BR,1598622381
9,Mataura,-46.19,168.86,7.22,72,97,4.92,NZ,1598622382
10,Ciudad del Carmen,18.63,-91.83,28.0,83,75,3.1,MX,1598622383
11,Coyhaique,-45.58,-72.07,0.0,86,75,10.8,CL,1598622383
12,Uran,18.88,72.94,26.0,94,90,4.1,IN,1598622384
13,Santa Lucía,27.91,-15.54,32.22,38,0,12.3,ES,1598622384
14,Ushuaia,-54.8,-68.3,0.0,90,90,5.1,AR,1598622385
15,Jamestown,42.1,-79.24,21.11,100,90,1.5,US,1598622385
16,Carnarvon,-24.87,113.63,20.0,82,0,6.2,AU,1598622386
17,El Batey,19.77,-70.52,30.56,79,20,3.1,DO,1598622386
18,Hualmay,-11.1,-77.61,17.92,75,58,3.1,PE,1598622387
19,Gaza,31.5,34.47,31.67,54,0,0.89,PS,1598622332
20,Mar del Plata,-38.0,-57.56,13.0,71,0,3.1,AR,1598622313
21,Jimeta,9.28,12.47,30.13,63,91,5.73,NG,1598622390
22,Lebu,-37.62,-73.65,9.1,92,100,8.24,CL,1598622390
23,Pontes e Lacerda,-15.23,-59.34,37.37,23,47,1.91,BR,1598622126
24,Butaritari,3.07,172.79,28.4,69,99,4.75,KI,1598622392
25,Avarua,-21.21,-159.78,23.0,73,100,1.5,CK,1598622392
26,Bluff,-46.6,168.33,7.22,72,66,4.92,NZ,1598622393
27,George Town,5.41,100.34,30.0,70,20,2.1,MY,1598622289
28,Springdale,36.19,-94.13,23.33,100,90,4.1,US,1598622257
29,Huarmey,-10.07,-78.15,18.61,72,40,3.63,PE,1598622394
30,Hervey Bay,-25.3,152.85,13.33,76,0,2.1,AU,1598622395
31,Almeria,37.17,-2.33,32.78,70,0,6.7,ES,1598622395
32,Ouagadougou,12.36,-1.54,30.0,70,40,4.1,BF,1598622382
33,Cidreira,-30.18,-50.21,18.77,82,70,1.55,BR,1598622396
34,Castro,-24.79,-50.01,22.95,41,0,1.77,BR,1598622398
35,Saint-Philippe,-21.36,55.77,23.0,73,75,3.6,RE,1598622398
36,Ahipara,-35.17,173.17,11.16,86,6,3.8,NZ,1598622399
37,Cape Town,-33.93,18.42,14.0,76,75,8.2,ZA,1598622193
38,Karratha,-20.74,116.85,24.67,45,5,2.17,AU,1598622114
39,Albany,42.6,-73.97,20.56,79,98,0.89,US,1598622303
40,Guadalupe y Calvo,26.1,-106.97,15.95,83,92,1.99,MX,1598622402
41,Aykhal,66.0,111.5,14.0,28,75,3.0,RU,1598622402
42,Leningradskiy,69.38,178.42,3.05,93,100,1.67,RU,1598622403
43,Saskylakh,71.92,114.08,12.9,57,4,2.28,RU,1598622403
44,Nandu,22.85,110.82,26.11,66,0,1.26,CN,1598622404
45,Narsaq,60.92,-46.05,17.0,39,75,12.3,GL,1598622404
46,Ouango,4.31,22.56,26.74,88,100,1.35,CF,1598622405
47,Rikitea,-23.12,-134.97,19.74,66,8,0.94,PF,1598622405
48,Salalah,17.02,54.09,25.0,94,90,2.6,OM,1598622295
49,Lorengau,-2.02,147.27,27.96,77,79,4.22,PG,1598622406
50,Sitka,57.05,-135.33,14.0,71,90,5.7,US,1598622407
51,Ponta do Sol,32.67,-17.1,28.0,58,20,9.8,PT,1598622407
52,Tuy Hoa,13.08,109.3,27.21,80,99,2.56,VN,1598622237
53,Cap Malheureux,-19.98,57.61,23.33,69,0,2.68,MU,1598622408
54,Nouadhibou,20.93,-17.03,30.0,70,0,5.7,MR,1598622409
55,Grindavik,63.84,-22.43,11.0,87,75,7.7,IS,1598622410
56,Mount Gambier,-37.83,140.77,7.0,93,20,3.1,AU,1598622410
57,Port Alfred,-33.59,26.89,17.67,63,0,9.11,ZA,1598622411
58,Palimbang,6.21,124.19,26.67,74,95,1.41,PH,1598622411
59,Eisenerz,47.53,14.88,26.11,53,100,4.1,AT,1598622412
60,Fort Nelson,58.81,-122.7,11.0,81,75,3.6,CA,1598622324
61,Mossamedes,-15.2,12.15,21.0,68,75,5.1,AO,1598622413
62,Kaitangata,-46.28,169.85,6.11,79,96,0.89,NZ,1598622414
63,Bermeo,43.42,-2.72,20.56,88,75,0.5,ES,1598622415
64,Rawson,-43.3,-65.1,9.75,44,97,10.24,AR,1598622223
65,Calabozo,8.92,-67.43,28.19,79,2,2.04,VE,1598622412
66,Bredasdorp,-34.53,20.04,17.0,51,98,8.7,ZA,1598622417
67,Río Gallegos,-51.62,-69.22,0.0,80,75,15.4,AR,1598622417
68,Tuatapere,-46.13,167.68,7.22,72,43,4.92,NZ,1598622418
69,Kavaratti,10.57,72.64,28.17,77,71,5.34,IN,1598622419
70,Najrān,17.49,44.13,38.0,18,75,4.1,SA,1598622419
71,Inhapim,-19.55,-42.12,24.17,55,15,2.77,BR,1598622420
72,Vanimo,-2.67,141.3,26.92,83,100,3.72,PG,1598622420
73,Faanui,-16.48,-151.75,24.92,80,69,9.6,PF,1598622421
74,Cabo San Lucas,22.89,-109.91,27.22,89,100,0.89,MX,1598622391
75,Punta Arenas,-53.15,-70.92,-1.0,92,20,12.9,CL,1598622423
76,Busselton,-33.65,115.33,13.33,69,10,9.05,AU,1598622423
77,Hobart,-42.88,147.33,12.0,50,69,7.2,AU,1598622350
78,Bembèrèkè,10.23,2.66,26.27,77,78,3.43,BJ,1598622424
79,Haradok,55.46,29.98,16.0,72,75,4.0,BY,1598622425
80,Mount Isa,-20.73,139.5,22.0,19,0,3.1,AU,1598622425
81,Upernavik,72.79,-56.15,5.67,63,0,4.0,GL,1598622426
82,Khatanga,71.97,102.5,14.74,58,81,3.33,RU,1598622426
83,Damietta,31.42,31.81,28.63,65,0,6.3,EG,1598622427
84,Omboué,-1.57,9.26,25.41,77,100,5.3,GA,1598622428
85,Meulaboh,4.14,96.13,26.21,82,100,0.94,ID,1598622428
86,Talnakh,69.49,88.4,15.0,82,93,3.0,RU,1598622429
87,Barreirinhas,-2.75,-42.83,32.77,44,18,3.96,BR,1598622429
88,Qaanaaq,77.48,-69.36,4.19,88,100,3.89,GL,1598622430
89,Cockburn Town,21.46,-71.14,28.37,77,9,6.41,TC,1598622430
90,Crotone,39.09,17.12,31.0,45,0,4.6,IT,1598622431
91,Port Elizabeth,-33.92,25.57,18.0,52,10,11.3,ZA,1598622431
92,Manokwari,-0.87,134.08,26.87,76,88,2.55,ID,1598622432
93,Hermanus,-34.42,19.23,11.67,88,70,2.68,ZA,1598622432
94,Atuona,-9.8,-139.03,25.59,77,70,8.94,PF,1598622433
95,Provideniya,64.38,-173.3,9.23,80,55,1.04,RU,1598622434
96,Linfen,36.09,111.52,27.63,53,0,1.56,CN,1598622280
97,Ginir,7.13,40.7,21.65,59,99,4.8,ET,1598622435
98,Aasiaat,68.71,-52.87,4.46,70,2,5.97,GL,1598622435
99,Longyearbyen,78.22,15.64,2.0,88,75,3.1,SJ,1598622436
100,Makokou,0.57,12.86,24.28,79,100,0.74,GA,1598622436
101,Grafton,42.21,-71.69,20.0,77,40,4.1,US,1598622437
102,Princeton,25.54,-80.41,31.67,79,40,2.6,US,1598622437
103,Hlotse,-28.87,28.05,20.56,19,0,6.97,LS,1598622438
104,Santiago del Estero,-27.8,-64.26,17.71,65,56,2.12,AR,1598622438
105,Puerto Ayora,-0.74,-90.35,19.13,83,98,5.16,EC,1598622439
106,São Félix do Xingu,-6.64,-51.99,37.34,29,29,1.45,BR,1598622439
107,Vardø,70.37,31.11,10.0,57,20,10.3,NO,1598622440
108,Tombouctou,20.0,-3.0,41.54,7,0,1.73,ML,1598622441
109,Samarai,-10.62,150.67,25.84,85,96,7.81,PG,1598622441
110,Bambous Virieux,-20.34,57.76,23.33,83,75,5.1,MU,1598622442
111,Saint-Paul,-21.01,55.27,23.0,73,90,5.1,RE,1598622172
112,Zhangzhou,24.51,117.66,29.0,74,96,4.0,CN,1598622443
113,Ossora,59.24,163.07,7.91,84,76,3.97,RU,1598622443
114,Prince Rupert,54.32,-130.32,12.0,93,90,1.5,CA,1598622387
115,Boguchany,58.38,97.45,13.52,87,3,0.57,RU,1598622444
116,Dunedin,-45.87,170.5,7.22,78,100,0.45,NZ,1598622220
117,Nyrob,60.73,56.72,17.07,70,99,0.57,RU,1598622446
118,Salinas,36.68,-121.66,16.0,93,90,1.5,US,1598622219
119,Eureka,40.8,-124.16,10.56,100,1,0.97,US,1598622447
120,Mitsamiouli,-11.38,43.28,24.59,77,100,1.04,KM,1598622448
121,San Jerónimo,-11.95,-75.28,12.61,42,0,0.79,PE,1598622449
122,Oshakati,-17.78,15.68,33.0,18,0,1.5,NA,1598622450
123,Arraial do Cabo,-22.97,-42.03,25.0,69,20,7.7,BR,1598622450
124,Kavieng,-2.57,150.8,27.08,84,100,6.23,PG,1598622451
125,Gali,42.63,41.74,24.88,68,100,2.93,GE,1598622452
126,Mitú,1.2,-70.17,30.15,63,9,0.44,CO,1598622200
127,Boca do Acre,-8.75,-67.4,35.06,33,54,1.44,BR,1598622453
128,Hithadhoo,-0.6,73.08,25.82,81,100,8.25,MV,1598622356
129,Nizhniy Odes,63.64,54.86,14.86,64,64,2.1,RU,1598622454
130,Torbay,47.67,-52.73,18.33,59,20,11.8,CA,1598622416
131,Phalaborwa,-23.94,31.14,33.0,31,13,4.1,ZA,1598622455
132,Port Lincoln,-34.73,135.87,13.74,70,0,5.31,AU,1598622456
133,Yellowknife,62.46,-114.35,10.0,100,75,2.1,CA,1598622457
134,Agirish,61.92,63.02,15.89,63,100,2.77,RU,1598622458
135,Diamantino,-14.41,-56.45,36.76,13,0,3.18,BR,1598622459
136,Roura,4.73,-52.33,30.0,70,84,2.1,GF,1598622459
137,Namatanai,-3.67,152.43,25.36,82,100,2.34,PG,1598622460
138,Gimli,50.63,-96.99,16.67,99,91,8.09,CA,1598622443
139,Pisco,-13.7,-76.22,16.11,87,90,1.5,PE,1598622381
140,Cicănești,45.25,24.63,26.23,29,78,1.42,RO,1598622462
141,Vilyuysk,63.76,121.62,11.19,45,83,1.33,RU,1598622397
142,Jacmel,18.23,-72.53,30.0,74,20,3.6,HT,1598622463
143,Ribeira Grande,38.52,-28.7,26.0,88,40,4.6,PT,1598622464
144,Vao,-22.67,167.48,19.82,91,100,6.95,NC,1598622464
145,Klaksvík,62.23,-6.59,10.0,71,75,5.1,FO,1598622465
146,Mahébourg,-20.41,57.7,23.0,83,75,5.1,MU,1598622465
147,Hamilton,39.18,-84.53,27.22,88,1,2.48,US,1598622377
148,Tāybād,34.74,60.78,25.74,18,0,9.66,IR,1598622466
149,Vila Franca do Campo,37.72,-25.43,26.0,83,20,6.7,PT,1598622467
150,Ketchikan,55.34,-131.65,12.0,100,90,5.7,US,1598622467
151,Caucayá,-0.19,-74.78,26.2,79,61,1.42,CO,1598622468
152,Bethel,41.37,-73.41,22.22,83,1,3.6,US,1598622468
153,New Norfolk,-42.78,147.06,11.67,63,98,2.68,AU,1598622469
154,Airai,-8.93,125.41,12.81,77,30,1.98,TL,1598622470
155,Muros,42.78,-9.06,21.11,59,24,4.47,ES,1598622470
156,Umuahia,5.53,7.49,23.79,89,100,3.21,NG,1598622471
157,Dingli,35.86,14.38,32.0,43,20,4.1,MT,1598622472
158,Weligama,5.97,80.42,27.23,77,13,4.81,LK,1598622472
159,Tuktoyaktuk,69.45,-133.04,3.0,93,20,5.7,CA,1598622473
160,Nanortalik,60.14,-45.24,10.1,77,100,9.66,GL,1598622473
161,Nikolskoye,59.7,30.79,16.0,87,75,3.0,RU,1598622474
162,Sørland,67.67,12.69,11.0,71,90,3.6,NO,1598622474
163,Ascension,30.22,-90.9,29.0,89,75,5.7,US,1598622475
164,Pemba,-12.97,40.52,27.0,65,20,4.6,MZ,1598622475
165,Batemans Bay,-35.72,150.18,7.78,86,0,1.34,AU,1598622255
166,Buritis,-15.62,-46.42,28.3,35,0,3.76,BR,1598622443
167,Altay,47.87,88.12,15.12,53,72,2.7,CN,1598622477
168,Makubetsu,45.37,141.82,21.05,97,100,4.81,JP,1598622478
169,San Borja,-14.82,-66.85,32.62,33,12,0.95,BO,1598622478
170,Erenhot,43.65,111.98,23.38,32,33,5.68,CN,1598622479
171,Hilo,19.73,-155.09,21.0,83,1,3.6,US,1598622479
172,Christiansfeld,55.36,9.49,17.22,77,75,5.1,DK,1598622480
173,Tamandaré,-8.76,-35.1,26.27,70,100,2.87,BR,1598622221
174,Kirakira,-10.45,161.92,26.38,84,100,5.51,SB,1598622481
175,Flin Flon,54.77,-101.86,13.0,87,20,3.6,CA,1598622376
176,Cayenne,4.93,-52.33,30.0,70,96,2.1,GF,1598622482
177,Kiunga,-6.12,141.29,22.43,97,100,2.18,PG,1598622482
178,Mehamn,71.04,27.85,10.0,61,40,8.2,NO,1598622483
179,Pangnirtung,66.15,-65.71,7.0,93,40,0.85,CA,1598622483
180,Virginia Beach,36.85,-75.98,28.33,74,75,2.1,US,1598622484
181,Mehtar Lām,34.67,70.21,29.09,51,6,3.02,AF,1598622485
182,Kodinsk,58.69,99.18,13.4,86,5,0.57,RU,1598622485
183,Ust'-Ilimsk,58.0,102.66,13.25,87,91,0.73,RU,1598622486
184,Inhambane,-23.86,35.38,27.0,74,0,8.2,MZ,1598622486
185,College,64.86,-147.8,10.0,87,75,0.57,US,1598622487
186,Isangel,-19.55,169.27,23.43,84,20,6.43,VU,1598622487
187,Auki,-8.77,160.7,25.64,85,99,2.13,SB,1598622488
188,Kindu,-2.95,25.95,31.94,47,70,0.84,CD,1598622488
189,Rio Grande,-32.03,-52.1,18.33,93,90,8.2,BR,1598622489
190,Kaili,-3.46,120.21,20.38,86,69,0.82,ID,1598622489
191,Bilma,18.69,12.92,38.08,24,13,4.55,NE,1598622490
192,Ha Tinh,18.33,105.9,27.92,84,5,1.73,VN,1598622490
193,Dwārka,22.24,68.97,28.45,83,100,7.98,IN,1598622491
194,Hay River,60.82,-115.8,7.0,100,75,1.0,CA,1598622492
195,Buchanan,5.88,-10.05,27.0,94,75,3.6,LR,1598622492
196,Kumul,42.8,93.45,23.75,29,100,6.19,CN,1598622493
197,Grand Gaube,-20.01,57.66,23.33,69,0,2.68,MU,1598622493
198,San Patricio,19.22,-104.7,23.0,100,75,2.6,MX,1598622494
199,Kyra,49.58,111.98,13.61,92,100,3.7,RU,1598622494
200,Vanavara,60.34,102.28,13.39,81,100,1.08,RU,1598622495
201,São Francisco do Sul,-26.24,-48.64,23.89,77,20,1.5,BR,1598622418
202,Orocué,4.79,-71.34,27.09,79,100,2.37,CO,1598622496
203,İskilip,40.74,34.47,29.71,20,0,5.0,TR,1598622497
204,Chui,-33.7,-53.46,14.95,96,100,2.27,UY,1598622497
205,Chokurdakh,70.63,147.92,3.66,88,97,3.17,RU,1598622498
206,Thompson,55.74,-97.86,9.0,100,90,3.1,CA,1598622499
207,Knysna,-34.04,23.05,20.0,32,20,6.2,ZA,1598622499
208,Cherskiy,68.75,161.3,3.31,92,9,2.69,RU,1598622295
209,Fairbanks,64.84,-147.72,10.0,100,90,0.59,US,1598622280
210,Waingapu,-9.66,120.26,24.94,69,12,6.79,ID,1598622501
211,Anadyr,64.75,177.48,8.0,93,75,1.0,RU,1598622243
212,Kapaa,22.08,-159.32,22.22,77,40,5.1,US,1598622502
213,Opuwo,-18.06,13.84,30.01,15,43,9.98,NA,1598622502
214,Marystown,47.17,-55.15,17.78,100,76,3.13,CA,1598622503
215,Yar-Sale,66.83,70.83,15.68,72,100,1.4,RU,1598622382
216,Paamiut,61.99,-49.67,8.17,85,100,5.02,GL,1598622504
217,Hobyo,5.35,48.53,26.25,72,12,13.52,SO,1598622504
218,Keti Bandar,24.14,67.45,28.62,86,100,6.58,PK,1598622505
219,Diamantina,-18.25,-43.6,20.48,51,1,5.1,BR,1598622505
220,Ibipeba,-11.64,-42.01,27.55,36,2,5.01,BR,1598622506
221,Woodward,36.43,-99.39,24.44,64,1,4.1,US,1598622506
222,Capinzal,-27.34,-51.61,27.18,39,0,1.2,BR,1598622507
223,Nizhniy Kuranakh,58.84,125.49,7.97,64,84,1.43,RU,1598622507
224,Bontang,0.13,117.5,26.28,84,19,3.0,ID,1598622509
225,Erzin,36.96,36.2,29.44,78,0,4.02,TR,1598622510
226,Shingū,33.73,135.98,25.31,88,13,1.75,JP,1598622510
227,Sawākin,19.11,37.33,35.61,44,2,6.13,SD,1598622511
228,San Vicente,-26.62,-54.13,27.03,31,0,3.03,AR,1598622512
229,Tasiilaq,65.61,-37.64,6.0,70,75,4.1,GL,1598622513
230,Plettenberg Bay,-34.05,23.37,18.08,45,54,4.28,ZA,1598622513
231,Nantucket,41.28,-70.1,22.0,78,90,4.1,US,1598622370
232,Hvolsvollur,63.75,-20.22,10.56,87,75,8.2,IS,1598622514
233,Qasigiannguit,68.82,-51.19,5.0,60,20,3.6,GL,1598622515
234,Okmulgee,35.62,-95.96,23.0,100,1,2.1,US,1598622515
235,Obo,5.4,26.49,27.02,80,60,0.82,CF,1598622516
236,Petropavlovsk-Kamchatskiy,53.05,158.65,10.0,100,90,2.0,RU,1598622517
237,Ulagan,50.63,87.96,8.32,78,100,1.0,RU,1598622517
238,Östersund,63.18,14.64,14.0,50,99,2.6,SE,1598622518
239,Lavrentiya,65.58,-171.0,8.46,84,92,1.59,RU,1598622518
240,Batesville,35.77,-91.64,22.22,94,100,0.45,US,1598622519
241,Aswān,24.09,32.91,39.38,10,0,4.19,EG,1598622519
242,Dalvik,65.97,-18.53,13.0,54,75,7.2,IS,1598622520
243,Genhe,50.78,121.52,9.64,83,100,2.58,CN,1598622520
244,Harper,4.38,-7.72,26.85,76,100,6.05,LR,1598622521
245,Hong Kong,22.29,114.16,30.0,70,20,1.5,HK,1598622262
246,Yulara,-25.24,130.99,20.0,19,0,4.6,AU,1598622522
247,Båtsfjord,70.63,29.72,10.0,57,20,10.3,NO,1598622522
248,Beloha,-25.17,45.05,29.31,33,99,4.78,MG,1598622523
249,Jadu,31.95,12.03,33.67,20,0,3.01,LY,1598622523
250,Bengkulu,-3.8,102.27,25.88,81,26,4.14,ID,1598622524
251,Avera,33.19,-82.53,28.0,100,1,2.6,US,1598622342
252,East London,-33.02,27.91,18.0,63,20,6.2,ZA,1598622525
253,Constitución,-35.33,-72.42,10.42,70,98,5.5,CL,1598622433
254,Lillooet,50.69,-121.94,16.0,67,1,2.1,CA,1598622526
255,Severo-Kuril'sk,50.68,156.12,9.39,86,100,3.57,RU,1598622526
256,Kisangani,0.52,25.2,28.22,74,57,1.48,CD,1598622527
257,Fereydūnkenār,36.69,52.52,28.0,65,0,4.1,IR,1598622528
258,Guerrero Negro,27.98,-114.06,24.29,75,33,1.82,MX,1598622361
259,Rumboci,43.83,17.5,34.0,42,40,1.0,BA,1598622529
260,Ţahţā,26.77,31.5,38.26,12,0,6.48,EG,1598622529
261,Kimbe,-5.55,150.14,23.17,89,100,1.56,PG,1598622530
262,Simpang,-1.27,104.08,25.96,80,6,2.0,ID,1598622530
263,Kudahuvadhoo,2.67,72.89,28.47,71,95,3.51,MV,1598622531
264,Honiara,-9.43,159.95,24.0,100,75,1.5,SB,1598622432
265,Sydney,-33.87,151.21,12.0,62,0,2.6,AU,1598622438
266,Sioux Lookout,50.1,-91.92,15.0,82,75,2.6,CA,1598622532
267,Pevek,69.7,170.31,4.03,87,21,0.61,RU,1598622533
268,Zinder,13.81,8.99,32.0,55,40,3.1,NE,1598622533
269,Pacific Grove,36.62,-121.92,12.78,97,6,0.19,US,1598622326
270,Fortuna,40.6,-124.16,11.67,100,90,1.33,US,1598622535
271,Norman Wells,65.28,-126.83,6.0,81,75,2.1,CA,1598622369
272,Shenjiamen,29.96,122.3,26.21,87,99,1.9,CN,1598622536
273,Katsuura,35.13,140.3,29.0,89,40,7.2,JP,1598622536
274,Iqaluit,63.75,-68.51,11.0,50,40,1.63,CA,1598622537
275,Saint Paul Harbor,57.79,-152.41,10.03,82,0,3.65,US,1598622537
276,Hutang,31.53,119.48,21.11,91,100,1.34,CN,1598622538
277,El Alto,-4.27,-81.21,17.0,82,2,10.3,PE,1598622427
278,Hambantota,6.12,81.12,30.0,66,90,5.1,LK,1598622539
279,Aklavik,68.22,-135.01,3.0,100,5,1.0,CA,1598622243
280,Ararat,39.83,44.7,32.0,19,20,2.1,AM,1598622540
281,Koumac,-20.57,164.28,19.97,85,40,4.69,NC,1598622541
282,Ilulissat,69.22,-51.1,5.0,60,20,3.6,GL,1598622542
283,Los Llanos de Aridane,28.66,-17.92,29.44,74,20,8.7,ES,1598622542
284,Pochutla,15.74,-96.47,24.0,73,90,0.74,MX,1598622543
285,Midland,32.0,-102.08,25.0,50,1,3.6,US,1598622258
286,Muroto-misakicho,33.28,134.15,28.56,72,0,1.69,JP,1598622544
287,Klyuchi,52.27,79.17,17.53,61,36,2.2,RU,1598622544
288,Batticaloa,7.71,81.69,28.44,78,15,3.0,LK,1598622545
289,Williston,48.15,-103.62,12.22,82,21,2.24,US,1598622545
290,Ponca City,36.71,-97.09,24.44,88,1,3.32,US,1598622546
291,Dergachi,51.23,48.77,21.51,71,100,2.57,RU,1598622546
292,Kysyl-Syr,63.9,122.76,10.97,47,94,0.7,RU,1598622547
293,Portland,45.52,-122.68,15.0,87,40,2.1,US,1598622357
294,Buják,47.88,19.54,28.89,37,90,4.6,HU,1598622548
295,High Level,58.52,-117.14,4.0,100,20,1.49,CA,1598622548
296,Tiksi,71.69,128.87,6.16,78,48,2.45,RU,1598622549
297,Crixás,-14.55,-49.97,34.22,15,0,5.12,BR,1598622550
298,Yanggu,36.11,115.78,24.7,71,0,2.46,CN,1598622493
299,Ishigaki,24.34,124.16,28.68,86,100,7.61,JP,1598622551
300,Esim,4.87,-2.24,26.47,73,42,6.19,GH,1598622551
301,Burnie,-41.07,145.92,10.56,68,10,2.24,AU,1598622552
302,Ust'-Barguzin,53.45,108.98,12.45,89,100,3.21,RU,1598622552
303,Doha,25.29,51.53,36.67,63,73,5.1,QA,1598622553
304,Iracoubo,5.48,-53.2,28.14,79,100,1.66,GF,1598622553
305,Cuyamel,15.67,-88.2,27.0,78,20,1.5,HN,1598622554
306,Brae,60.4,-1.35,13.0,71,40,8.2,GB,1598622554
307,Safi,32.3,-9.24,25.16,64,0,9.81,MA,1598622555
308,Lebyazh'ye,55.27,66.49,22.78,62,34,3.65,RU,1598622556
309,Broken Hill,-31.95,141.43,10.0,44,0,3.6,AU,1598622557
310,Gornopravdinsk,60.05,69.9,17.59,80,0,2.78,RU,1598622557
311,Baker City,44.77,-117.83,16.11,86,1,1.32,US,1598622558
312,Lubango,-14.92,13.49,25.55,23,8,4.8,AO,1598622558
313,Cao Bang,22.67,106.25,26.04,84,36,0.23,VN,1598622277
314,Laguna,38.42,-121.42,17.22,77,1,1.5,US,1598622528
315,Saurimo,-9.66,20.39,28.0,45,75,1.68,AO,1598622561
316,Margate,51.38,1.39,17.78,77,51,3.96,GB,1598622561
317,São José da Coroa Grande,-8.9,-35.15,26.22,72,100,3.33,BR,1598622562
318,Juneau,58.3,-134.42,10.56,93,90,2.09,US,1598622279
319,Dikson,73.51,80.55,8.6,84,3,1.32,RU,1598622563
320,Comodoro Rivadavia,-45.87,-67.5,6.0,41,2,12.3,AR,1598622564
321,Waipawa,-41.41,175.52,13.0,71,16,8.2,NZ,1598622565
322,Ternate,0.8,127.4,26.92,77,50,1.18,ID,1598622566
323,Erice,38.04,12.59,31.0,66,20,4.6,IT,1598622566
324,Stillwater,36.12,-97.06,24.44,88,1,2.1,US,1598622567
325,Westport,41.14,-73.36,24.44,73,1,3.6,US,1598622488
326,Mana,5.66,-53.78,30.38,62,99,1.91,GF,1598622568
327,Codajás,-3.84,-62.06,32.58,53,90,1.19,BR,1598622568
328,Sovetskiy,61.36,63.58,16.52,59,98,2.56,RU,1598622569
329,Belyy Yar,53.6,91.39,18.0,77,100,1.31,RU,1598622570
330,San Quintín,30.48,-115.95,22.73,76,0,3.56,MX,1598622570
331,Turukhansk,65.82,87.98,12.35,86,100,0.97,RU,1598622571
332,Forsytheganj,52.63,29.73,19.25,67,6,4.86,BY,1598622572
333,Jalu,29.03,21.55,36.35,22,0,3.9,LY,1598622572
334,San Andrés,12.58,-81.7,28.0,83,40,4.1,CO,1598622573
335,Ambuclao,16.48,120.75,21.47,82,100,1.17,PH,1598622573
336,Catuday,16.29,119.81,27.69,81,97,4.53,PH,1598622574
337,Warner Robins,32.62,-83.6,27.22,94,75,2.1,US,1598622575
338,Mbini,1.57,9.61,23.0,100,75,7.7,GQ,1598622575
339,Tocopilla,-22.09,-70.2,18.97,53,10,3.54,CL,1598622576
340,San Alberto,7.76,-73.39,27.85,70,29,1.9,CO,1598622377
341,Saint-François,46.42,3.91,18.33,88,78,3.6,FR,1598622577
342,Vidim,56.41,103.11,13.61,92,100,1.46,RU,1598622578
343,Salta,-24.79,-65.41,16.0,55,0,1.5,AR,1598622579
344,Lubawa,53.5,19.75,18.89,74,100,2.72,PL,1598622579
345,Berbera,10.44,45.01,35.8,41,100,3.28,SO,1598622580
346,Jalor,25.35,72.62,30.59,69,62,3.39,IN,1598622580
347,Rawlins,41.79,-107.24,13.0,71,20,3.6,US,1598622581
348,Bako,5.78,36.57,22.59,71,79,0.37,ET,1598622581
349,Jaisalmer,26.91,70.92,33.75,50,98,1.29,IN,1598622582
350,Bijie,27.31,105.29,19.48,88,65,1.52,CN,1598622582
351,Itoman,26.12,127.67,28.0,88,75,2.1,JP,1598622329
352,La Macarena,2.18,-73.78,27.98,70,8,0.48,CO,1598622583
353,Bubaque,11.28,-15.83,27.33,77,99,6.35,GW,1598622584
354,Lompoc,34.64,-120.46,13.0,93,90,1.5,US,1598622389
355,Límni,38.77,23.32,31.11,39,0,1.79,GR,1598622585
356,Tandil,-37.32,-59.13,16.11,50,0,1.79,AR,1598622586
357,Atambua,-9.11,124.89,20.96,68,67,3.89,ID,1598622586
358,Kruisfontein,-34.0,24.73,18.89,50,2,4.47,ZA,1598622587
359,Nome,64.5,-165.41,10.0,93,90,2.06,US,1598622587
360,Bat Khela,34.62,71.97,25.23,74,22,0.17,PK,1598622588
361,Lata,40.16,-8.33,23.89,47,0,3.58,PT,1598622589
362,Haines Junction,60.75,-137.51,7.91,83,100,1.5,CA,1598622589
363,Quebo,11.33,-14.93,28.68,79,87,3.49,GW,1598622590
364,Vagay,57.94,69.02,18.76,89,100,1.65,RU,1598622591
365,Buala,-8.14,159.59,26.63,80,100,2.9,SB,1598622591
366,Taoudenni,22.68,-3.98,45.59,5,0,6.3,ML,1598622592
367,Gloucester,51.87,-2.24,15.0,87,75,6.89,GB,1598622592
368,Manjeshwar,12.72,74.89,28.0,74,40,2.6,IN,1598622593
369,Tulun,54.56,100.58,12.45,87,72,0.37,RU,1598622594
370,Yeppoon,-23.13,150.73,16.0,67,0,1.5,AU,1598622595
371,Plant City,28.02,-82.11,29.44,79,1,2.1,US,1598622595
372,Port Blair,11.67,92.75,28.27,72,100,2.39,IN,1598622596
373,Elizabeth City,36.29,-76.25,30.0,74,1,4.6,US,1598622596
374,Manggar,-2.88,108.27,26.96,83,30,5.86,ID,1598622597
375,Hasaki,35.73,140.83,27.22,94,0,2.6,JP,1598622598
376,Esperance,-33.87,121.9,21.0,40,98,6.7,AU,1598622598
377,Suchiapa,16.62,-93.08,22.0,100,75,1.0,MX,1598622599
378,George Town,5.41,100.34,30.0,70,20,2.1,MY,1598622600
379,Saint Anthony,45.02,-93.22,20.0,93,1,4.1,US,1598622600
380,Changzhou,31.78,119.97,26.67,84,100,0.45,CN,1598622372
381,Harlingen,26.19,-97.7,29.44,94,1,3.1,US,1598622601
382,Souillac,-20.52,57.52,23.0,83,75,5.1,MU,1598622602
383,Rincon,32.3,-81.24,28.89,88,75,2.6,US,1598622602
384,Shubarshi,48.59,57.19,31.06,17,94,4.09,KZ,1598622603
385,Ozark,37.02,-93.21,23.89,91,63,4.4,US,1598622603
386,‘Āhuimanu,21.44,-157.84,26.0,74,40,5.7,US,1598622604
387,Codrington,-38.27,141.97,6.63,95,5,3.25,AU,1598622604
388,Djibouti,11.5,42.5,35.0,56,1,5.7,DJ,1598622605
389,Omsukchan,62.53,155.8,1.44,89,5,2.23,RU,1598622606
390,Santa Catarina de Tepehuanes,25.35,-105.73,20.82,62,98,1.18,MX,1598622606
391,Yangon,16.81,96.16,25.0,100,90,4.6,MM,1598622444
392,Nyurba,63.28,118.33,10.58,56,100,2.17,RU,1598622607
393,Melbu,68.5,14.83,9.0,100,75,2.1,NO,1598622608
394,Lagoa,39.05,-27.98,23.44,89,8,6.82,PT,1598622609
395,Geraldton,-28.77,114.6,17.0,82,40,4.1,AU,1598622609
396,Cedar City,37.68,-113.06,17.0,33,75,1.22,US,1598622537
397,Sa Kaeo,13.81,102.07,23.51,93,97,2.94,TH,1598622610
398,Solnechnyy,50.72,136.63,10.66,87,41,3.05,RU,1598622611
399,Boyabat,41.47,34.77,26.0,65,0,4.1,TR,1598622612
400,Cariamanga,-4.33,-79.55,17.0,67,0,1.0,EC,1598622612
401,Suriāpet,17.15,79.62,26.64,82,100,1.59,IN,1598622613
402,Arona,28.1,-16.68,36.67,27,1,9.3,ES,1598622613
403,Adrar,20.5,-10.07,41.57,14,0,4.86,MR,1598622614
404,Wewak,-3.55,143.63,27.25,83,100,6.1,PG,1598622614
405,Khovd,48.01,91.64,11.21,71,100,0.76,MN,1598622615
406,Ormara,25.21,64.64,28.07,86,17,6.29,PK,1598622615
407,Richmond,37.55,-77.46,27.78,69,75,2.6,US,1598622554
408,Anito,12.45,125.29,25.79,87,100,2.84,PH,1598622616
409,Sekoma,-24.4,23.88,28.76,19,98,6.84,BW,1598622617
410,Baykit,61.67,96.37,12.3,84,44,0.86,RU,1598622618
411,Lahat,-3.8,103.53,24.2,76,99,1.42,ID,1598622618
412,Luoyang,34.68,112.45,25.71,68,0,2.15,CN,1598622619
413,Zalari,53.56,102.51,11.35,92,58,0.39,RU,1598622620
414,Riyadh,24.69,46.72,41.0,9,0,5.1,SA,1598622620
415,Fort Saint James,54.43,-124.25,8.47,78,100,1.51,CA,1598622621
416,Olafsvik,64.89,-23.71,10.9,79,100,7.03,IS,1598622621
417,Saldanha,-33.01,17.94,16.0,63,89,4.1,ZA,1598622622
418,Zhigansk,66.77,123.37,11.41,66,86,2.84,RU,1598622623
419,Zeya,53.75,127.27,9.5,74,11,2.41,RU,1598622624
420,Mbala,-8.84,31.37,25.55,36,56,1.04,ZM,1598622624
421,Suda,59.15,37.56,16.0,100,75,3.0,RU,1598622625
422,Ola,59.58,151.28,8.73,65,86,4.41,RU,1598622625
423,Toyooka,35.53,134.83,25.68,86,0,2.35,JP,1598622626
424,Santa Fe,-31.63,-60.7,20.0,74,100,1.79,AR,1598622553
425,Rocha,-34.48,-54.33,14.96,93,100,1.99,UY,1598622627
426,General Roca,-39.03,-67.58,8.0,40,72,1.5,AR,1598622628
427,Kaeo,-35.1,173.78,6.67,3,0,3.33,NZ,1598622628
428,Lamego,41.1,-7.81,23.89,4,7,4.02,PT,1598622629
429,Nelson Bay,-32.72,152.15,8.89,87,0,2.6,AU,1598622630
430,Takoradze,4.88,-1.76,26.66,73,25,6.5,GH,1598622630
431,Diyarb Najm,30.75,31.44,33.0,41,40,4.1,EG,1598622631
432,Zharkent,44.16,80.0,19.17,50,0,0.53,KZ,1598622631
433,Saint-Augustin,51.23,-58.65,14.53,65,19,4.98,CA,1598622390
434,Yerbogachën,61.28,108.01,12.57,68,100,0.56,RU,1598622632
435,Benguela,-12.58,13.41,23.0,73,75,3.1,AO,1598622633
436,Mackay,-21.15,149.2,14.0,82,0,4.1,AU,1598622453
437,Seddon,-37.81,144.89,11.67,76,0,5.1,AU,1598622634
438,Alofi,-19.06,-169.92,23.0,69,99,4.6,NU,1598622635
439,San Fernando,15.03,120.69,30.0,83,75,1.5,PH,1598622635
440,Sept-Îles,50.2,-66.38,13.33,58,75,5.7,CA,1598622493
441,Thaton,16.92,97.37,25.75,90,100,3.02,MM,1598622637
442,Mehrān,33.12,46.16,34.0,13,0,4.1,IR,1598622637
443,Sangar,63.92,127.47,9.94,66,0,1.36,RU,1598622638
444,Sattahip,12.67,100.9,27.0,74,40,2.6,TH,1598622639
445,Sahuaripa,29.05,-109.23,27.34,63,15,1.47,MX,1598622639
446,São Sepé,-30.16,-53.57,17.0,93,75,4.1,BR,1598622640
447,Kumba,4.64,9.45,23.1,91,100,2.82,CM,1598622641
448,Trairi,-3.28,-39.27,30.5,45,28,7.23,BR,1598622515
449,Saint-Pierre,-21.34,55.48,23.0,73,75,3.6,RE,1598622642
450,Kalmunai,7.42,81.82,28.52,79,11,3.08,LK,1598622642
451,St. George's,12.06,-61.75,31.0,70,20,7.7,GD,1598622643
452,Horn Lake,34.96,-90.03,22.78,94,90,7.7,US,1598622644
453,Puerto Ayacucho,5.66,-67.62,28.0,83,40,0.57,VE,1598622644
454,Chengde,40.97,117.94,19.24,87,0,0.6,CN,1598622645
455,Eyl,7.98,49.82,27.5,64,0,12.94,SO,1598622646
456,Dewas,22.97,76.07,27.0,78,40,2.6,IN,1598622472
457,Boone,39.03,-92.33,24.44,92,0,3.55,US,1598622647
458,Les Cayes,18.2,-73.75,29.91,66,3,0.78,HT,1598622648
459,Palmer,42.16,-72.33,22.22,100,75,3.42,US,1598622649
460,Balad,34.02,44.15,42.01,8,0,5.61,IQ,1598622649
461,Morehead,37.27,-87.18,27.0,88,90,5.1,US,1598622650
462,Manicoré,-5.81,-61.3,33.84,50,99,1.07,BR,1598622568
463,Pāvilosta,56.89,21.19,19.0,55,94,3.1,LV,1598622652
464,Zelenogorskiy,55.03,87.0,16.0,67,40,2.0,RU,1598622652
465,Saint Augustine,29.89,-81.31,28.89,88,1,0.79,US,1598622388
466,Tolaga Bay,-38.37,178.3,9.04,74,0,3.44,NZ,1598622653
467,Prokop'yevsk,53.91,86.72,13.02,93,100,2.12,RU,1598622655
468,Bintulu,3.17,113.03,27.0,88,20,1.1,MY,1598622655
469,Whitianga,-36.83,175.7,9.44,95,53,0.45,NZ,1598622656
470,Araouane,18.9,-3.53,40.7,19,0,4.92,ML,1598622656
471,Touros,-5.2,-35.46,28.0,65,75,5.7,BR,1598622657
472,Asău,46.43,26.4,29.0,35,51,4.6,RO,1598622658
473,Manakara,-22.13,48.02,22.97,77,0,4.62,MG,1598622658
474,Turochak,52.26,87.12,12.1,92,100,0.78,RU,1598622659
475,Saint George,37.1,-113.58,24.44,23,1,2.1,US,1598622466
476,Xiaolingwei,32.03,118.85,26.67,88,40,1.0,CN,1598622660
477,Praia,14.92,-23.51,29.0,79,40,3.6,CV,1598622648
478,Young,-32.68,-57.63,18.33,88,94,1.79,UY,1598622661
479,Heyang,26.1,107.47,20.42,83,0,0.67,CN,1598622662
480,Honāvar,14.28,74.45,26.72,85,100,2.46,IN,1598622662
481,Penzance,50.12,-5.54,15.0,93,20,7.2,GB,1598622663
482,Derzhavīnsk,51.1,66.32,24.65,36,17,1.86,KZ,1598622663
483,Abbeville,50.1,1.83,18.89,76,92,7.51,FR,1598622664
484,Yong’an,39.7,113.69,19.48,70,37,2.87,CN,1598622664
485,Mtwara,-10.27,40.18,26.03,69,94,4.51,TZ,1598622665
486,Afonso Bezerra,-5.5,-36.51,33.86,32,76,7.26,BR,1598622666
487,Yangi Marg`ilon,40.43,71.72,28.0,28,0,2.1,UZ,1598622666
488,Hyères,43.12,6.12,31.67,69,75,3.6,FR,1598622667
489,Ridgecrest,35.62,-117.67,21.67,30,0,1.14,US,1598622668
490,Pathein,16.78,94.73,26.46,89,90,2.03,MM,1598622669
491,Comarapa,-17.9,-64.48,21.37,42,17,1.89,BO,1598622669
492,Lewiston,44.1,-70.21,21.11,55,1,3.1,US,1598622519
493,Carballo,43.21,-8.69,20.0,68,40,3.1,ES,1598622670
494,Makhachkala,42.98,47.5,28.0,48,0,4.0,RU,1598622671
495,Zamora,-4.07,-78.96,17.0,67,3,1.0,EC,1598622672
496,Karlovo,42.63,24.8,35.0,19,20,2.1,BG,1598622669
497,Udachny,66.42,112.4,14.0,28,75,3.0,RU,1598622673
498,Byron Bay,-28.65,153.62,17.0,63,90,4.1,AU,1598622434
499,Kaduna,10.52,7.44,24.1,82,100,3.82,NG,1598622674
500,Uray,60.12,64.78,17.33,68,100,2.71,RU,1598622674
501,Vigrestad,58.57,5.7,16.11,76,92,3.38,NO,1598622675
502,Tazovsky,67.47,78.7,13.77,80,34,2.78,RU,1598622493
503,Fare,-16.7,-151.02,25.05,78,42,8.9,PF,1598622676
504,Marigot,18.07,-63.08,31.0,66,40,6.2,MF,1598622677
505,Corpus Christi,27.8,-97.4,30.56,83,20,3.1,US,1598622669
506,Gorontalo,0.54,123.06,24.29,82,38,1.89,ID,1598622678
507,Berlevåg,70.86,29.09,10.0,61,40,8.2,NO,1598622678
508,Kiryat Gat,31.61,34.76,31.67,54,0,1.34,IL,1598622679
509,Parabel',58.7,81.48,13.6,78,67,1.92,RU,1598622680
510,Iranduba,-3.28,-60.19,29.0,78,75,1.5,BR,1598622680
511,São Filipe,14.9,-24.5,26.11,82,91,2.55,CV,1598622681
512,Brookhaven,31.58,-90.44,27.0,94,90,3.1,US,1598622649
513,Sabha,27.04,14.43,37.98,15,0,2.26,LY,1598622682
514,Richards Bay,-28.78,32.04,21.36,68,28,4.29,ZA,1598622683
515,Okato,-39.2,173.88,10.0,88,100,4.47,NZ,1598622683
516,Machilipatnam,16.17,81.13,31.0,70,40,2.6,IN,1598622684
517,São João da Barra,-21.64,-41.05,25.0,69,40,4.1,BR,1598622685
518,Qaqortoq,60.72,-46.03,17.0,39,75,12.3,GL,1598622685
519,Matara,5.95,80.54,27.21,77,24,4.92,LK,1598622686
520,Walvis Bay,-22.96,14.51,21.0,40,0,9.8,NA,1598622686
521,Korla,41.76,86.15,25.56,90,19,0.89,CN,1598622687
522,Darhan,49.49,105.92,13.05,86,50,1.8,MN,1598622688
523,Srednekolymsk,67.45,153.68,5.37,93,100,2.09,RU,1598622688
524,Holme,56.11,10.17,16.0,87,100,3.6,DK,1598622689
525,Arman',59.7,150.17,7.33,67,76,4.77,RU,1598622690
526,East Wenatchee Bench,47.43,-120.28,16.67,55,1,3.1,US,1598622691
527,Gardelegen,52.53,11.4,23.33,52,100,2.24,DE,1598622691
528,Marsh Harbour,26.54,-77.06,29.14,74,100,3.9,BS,1598622692
529,Dingle,11.0,122.67,25.12,87,100,1.24,PH,1598622692
530,Khvoynaya,58.9,34.53,11.58,96,100,3.25,RU,1598622693
531,Boende,-0.22,20.87,28.94,62,99,2.4,CD,1598622693
532,Ust'-Kut,56.79,105.77,14.4,91,100,0.87,RU,1598622694
533,Dunmore East,52.15,-6.99,15.0,87,40,8.7,IE,1598622695
534,Mahibadhoo,3.78,72.97,28.95,70,27,3.59,MV,1598622695
535,Kahului,20.89,-156.47,23.33,69,1,1.5,US,1598622564
536,Banda Aceh,5.56,95.32,27.48,75,100,1.54,ID,1598622696
537,Ürümqi,43.8,87.6,19.0,59,33,2.0,CN,1598622697
538,Cairns,-16.92,145.77,21.0,73,75,7.2,AU,1598622433
539,Padang,-0.95,100.35,26.37,76,96,0.62,ID,1598622699
540,Oranjemund,-28.55,16.43,15.28,58,0,5.78,NA,1598622683
541,Jinchang,38.5,102.17,23.93,22,100,5.43,CN,1598622700
542,Kenora,49.82,-94.43,15.0,100,90,2.1,CA,1598622615
543,Chilca,-12.52,-76.74,15.0,87,90,2.1,PE,1598622701
544,Kamina,-8.74,24.99,30.1,36,57,3.74,CD,1598622683
545,Port-Cartier,50.03,-66.87,13.89,58,75,5.7,CA,1598622702
546,Capreol,46.71,-80.92,16.67,93,90,2.1,CA,1598622703
547,Samfya,-11.36,29.56,31.03,25,35,1.99,ZM,1598622703
548,Cowra,-33.83,148.68,5.0,69,0,0.72,AU,1598622704
549,Colomi,-17.35,-65.87,19.0,34,0,1.92,BO,1598622704
550,Nova Olímpia,-14.8,-57.29,37.23,21,12,2.64,BR,1598622705
551,Faya,18.39,42.45,29.0,54,40,6.2,SA,1598622706
552,Wanning,18.8,110.4,27.72,83,44,0.85,CN,1598622706
553,Pandan Niog,6.23,120.56,29.0,70,100,1.56,PH,1598622707
554,Jérémie,18.65,-74.12,29.9,64,0,1.32,HT,1598622708
555,Shōranūr,10.77,76.28,27.0,74,20,3.1,IN,1598622709
556,Barranca,-10.75,-77.77,17.11,80,92,3.07,PE,1598622537
557,Abu Dhabi,24.47,54.37,41.0,35,90,5.1,AE,1598622710
558,Dawson Creek,55.77,-120.24,5.0,93,75,1.5,CA,1598622710
559,Ancud,-41.87,-73.82,5.56,100,75,1.0,CL,1598622711
560,Shache,38.42,77.24,23.51,28,2,5.54,CN,1598622711
561,Seryshevo,51.09,128.38,13.18,67,92,5.93,RU,1598622712
562,Ondangwa,-17.92,15.95,33.0,18,0,1.5,NA,1598622712
563,Cabra,37.47,-4.44,32.78,36,0,1.79,ES,1598622713
564,São Domingos do Maranhão,-5.58,-44.39,33.73,23,22,3.49,BR,1598622714
565,Cam Ranh,11.92,109.16,32.0,70,40,3.1,VN,1598622714
